{
  "config": {
    "n_estimators": 100,
    "max_depth": 6,
    "learning_rate": 0.1,
    "subsample": 1.0,
    "colsample_bytree": 1.0,
    "min_child_weight": 1,
    "gamma": 0.0,
    "reg_alpha": 0.0,
    "reg_lambda": 1.0,
    "random_state": 42,
    "n_jobs": -1,
    "eval_metric": "logloss",
    "early_stopping_rounds": 10,
    "verbose": false,
    "max_features": 5000,
    "test_size": 0.2,
    "validation_split": 0.2,
    "data_path": "data/challenge_data-18-ago.csv",
    "model_save_path": "models/xgboost_model.pkl",
    "results_path": "results/xgboost_results.json"
  },
  "data_shape": {
    "total_samples": 3565,
    "features": 5000,
    "train_samples": 2852,
    "test_samples": 713
  },
  "test_metrics": {
    "accuracy": 0.8190743338008415,
    "f1_macro": 0.9144772760899419,
    "f1_micro": 0.9211986681465039,
    "f1_weighted": 0.9201717698468267,
    "precision_macro": 0.9782713161245925,
    "precision_micro": 0.9730363423212193,
    "recall_macro": 0.8610842237878943,
    "recall_micro": 0.8746048472075869,
    "roc_auc_macro": 0.9730916747663395,
    "roc_auc_micro": 0.9781045623155055,
    "classification_report": {
      "cardiovascular": {
        "precision": 0.9869565217391304,
        "recall": 0.8937007874015748,
        "f1-score": 0.9380165289256198,
        "support": 254.0
      },
      "neurological": {
        "precision": 0.9514285714285714,
        "recall": 0.9301675977653632,
        "f1-score": 0.940677966101695,
        "support": 358.0
      },
      "hepatorenal": {
        "precision": 0.9941176470588236,
        "recall": 0.7788018433179723,
        "f1-score": 0.8733850129198967,
        "support": 217.0
      },
      "oncological": {
        "precision": 0.9805825242718447,
        "recall": 0.8416666666666667,
        "f1-score": 0.905829596412556,
        "support": 120.0
      },
      "micro avg": {
        "precision": 0.9730363423212193,
        "recall": 0.8746048472075869,
        "f1-score": 0.9211986681465039,
        "support": 949.0
      },
      "macro avg": {
        "precision": 0.9782713161245925,
        "recall": 0.8610842237878943,
        "f1-score": 0.9144772760899419,
        "support": 949.0
      },
      "weighted avg": {
        "precision": 0.9743854767308258,
        "recall": 0.8746048472075869,
        "f1-score": 0.9201717698468267,
        "support": 949.0
      },
      "samples avg": {
        "precision": 0.9567554932211313,
        "recall": 0.905680224403927,
        "f1-score": 0.919154478060509,
        "support": 949.0
      }
    }
  },
  "cv_results": {
    "f1_macro_mean": 0.8824744469896372,
    "f1_macro_std": 0.002617757755120364,
    "f1_micro_mean": 0.8909333881612607,
    "f1_micro_std": 0.003214280900309902,
    "accuracy_mean": 0.7598205671797708,
    "accuracy_std": 0.009900547037963347
  },
  "training_time": "0:03:22.619891",
  "timestamp": "2025-08-24T08:47:39.522137"
}